,Stn,Datum,Tijd,Tp,qTp,Pt,qPt,Pc,qPc,P0,qP0,P,qP,T,qT,Tw,qTw,Td,qTd,U,qU,Ed,qEd,Tx,qTx,Tn,qTn,D,qD,F,qF,Fx,qFx,DFx,qDFx,N,qN,C,qC,Dn,qDn
0,78989,19030101,800,—,7,—,7,—,7,—,7,—,7,—,7,—,7,—,7,—,7,—,7,—,7,—,7,—,7,—,7,—,7,—,7,—,7,—,7,—,7
1,78989,19030102,800,—,7,—,7,—,7,—,7,—,7,—,7,—,7,—,7,—,7,—,7,—,7,—,7,—,7,—,7,—,7,—,7,—,7,—,7,—,7
2,78989,19030103,800,—,7,—,7,—,7,—,7,—,7,—,7,—,7,—,7,—,7,—,7,—,7,—,7,—,7,—,7,—,7,—,7,—,7,—,7,—,7
3,78989,19030104,800,—,7,—,7,—,7,—,7,—,7,—,7,—,7,—,7,—,7,—,7,—,7,—,7,—,7,—,7,—,7,—,7,—,7,—,7,—,7
4,78989,19030105,800,—,7,—,7,—,7,—,7,—,7,—,7,—,7,—,7,—,7,—,7,—,7,—,7,—,7,—,7,—,7,—,7,—,7,—,7,—,7
5,78989,19030106,800,—,7,—,7,—,7,—,7,—,7,—,7,—,7,—,7,—,7,—,7,—,7,—,7,—,7,—,7,—,7,—,7,—,7,—,7,—,7
6,78989,19030107,800,—,7,—,7,—,7,—,7,—,7,—,7,—,7,—,7,—,7,—,7,—,7,—,7,—,7,—,7,—,7,—,7,—,7,—,7,—,7
7,78989,19030108,800,—,7,—,7,—,7,—,7,—,7,—,7,—,7,—,7,—,7,—,7,—,7,—,7,—,7,—,7,—,7,—,7,—,7,—,7,—,7
8,78989,19030109,800,—,7,—,7,—,7,—,7,—,7,—,7,—,7,—,7,—,7,—,7,—,7,—,7,—,7,—,7,—,7,—,7,—,7,—,7,—,7
9,78989,19030110,800,—,7,—,7,—,7,—,7,—,7,—,7,—,7,—,7,—,7,—,7,—,7,—,7,—,7,—,7,—,7,—,7,—,7,—,7,—,7
10,78989,19030111,800,—,7,—,7,—,7,—,7,—,7,—,7,—,7,—,7,—,7,—,7,—,7,—,7,—,7,—,7,—,7,—,7,—,7,—,7,—,7
11,78989,19030112,800,—,7,—,7,—,7,—,7,—,7,—,7,—,7,—,7,—,7,—,7,—,7,—,7,—,7,—,7,—,7,—,7,—,7,—,7,—,7
12,78989,19030113,800,—,7,—,7,—,7,—,7,—,7,—,7,—,7,—,7,—,7,—,7,—,7,—,7,—,7,—,7,—,7,—,7,—,7,—,7,—,7
13,78989,19030114,800,—,7,—,7,—,7,—,7,—,7,—,7,—,7,—,7,—,7,—,7,—,7,—,7,—,7,—,7,—,7,—,7,—,7,—,7,—,7
14,78989,19030115,800,—,7,—,7,—,7,—,7,—,7,—,7,—,7,—,7,—,7,—,7,—,7,—,7,—,7,—,7,—,7,—,7,—,7,—,7,—,7
15,78989,19030116,800,—,7,—,7,—,7,—,7,—,7,—,7,—,7,—,7,—,7,—,7,—,7,—,7,—,7,—,7,—,7,—,7,—,7,—,7,—,7
16,78989,19030117,800,—,7,—,7,—,7,—,7,—,7,—,7,—,7,—,7,—,7,—,7,—,7,—,7,—,7,—,7,—,7,—,7,—,7,—,7,—,7
17,78989,19030118,800,—,7,—,7,—,7,—,7,—,7,—,7,—,7,—,7,—,7,—,7,—,7,—,7,—,7,—,7,—,7,—,7,—,7,—,7,—,7
18,78989,19030119,800,—,7,—,7,—,7,—,7,—,7,—,7,—,7,—,7,—,7,—,7,—,7,—,7,—,7,—,7,—,7,—,7,—,7,—,7,—,7
19,78989,19030120,800,—,7,—,7,—,7,—,7,—,7,—,7,—,7,—,7,—,7,—,7,—,7,—,7,—,7,—,7,—,7,—,7,—,7,—,7,—,7
20,78989,19030121,800,—,7,—,7,—,7,—,7,—,7,—,7,—,7,—,7,—,7,—,7,—,7,—,7,—,7,—,7,—,7,—,7,—,7,—,7,—,7
21,78989,19030122,800,—,7,—,7,—,7,—,7,—,7,—,7,—,7,—,7,—,7,—,7,—,7,—,7,—,7,—,7,—,7,—,7,—,7,—,7,—,7
22,78989,19030123,800,—,7,—,7,—,7,—,7,—,7,—,7,—,7,—,7,—,7,—,7,—,7,—,7,—,7,—,7,—,7,—,7,—,7,—,7,—,7
23,78989,19030124,800,—,7,—,7,—,7,—,7,—,7,—,7,—,7,—,7,—,7,—,7,—,7,—,7,—,7,—,7,—,7,—,7,—,7,—,7,—,7
24,78989,19030125,800,—,7,—,7,—,7,—,7,—,7,—,7,—,7,—,7,—,7,—,7,—,7,—,7,—,7,—,7,—,7,—,7,—,7,—,7,—,7
25,78989,19030126,800,—,7,—,7,—,7,—,7,—,7,—,7,—,7,—,7,—,7,—,7,—,7,—,7,—,7,—,7,—,7,—,7,—,7,—,7,—,7
26,78989,19030127,800,—,7,—,7,—,7,—,7,—,7,—,7,—,7,—,7,—,7,—,7,—,7,—,7,—,7,—,7,—,7,—,7,—,7,—,7,—,7
27,78989,19030128,800,—,7,—,7,—,7,—,7,—,7,—,7,—,7,—,7,—,7,—,7,—,7,—,7,—,7,—,7,—,7,—,7,—,7,—,7,—,7
28,78989,19030129,800,—,7,—,7,—,7,—,7,—,7,—,7,—,7,—,7,—,7,—,7,—,7,—,7,—,7,—,7,—,7,—,7,—,7,—,7,—,7
29,78989,19030130,800,—,7,—,7,—,7,—,7,—,7,—,7,—,7,—,7,—,7,—,7,—,7,—,7,—,7,—,7,—,7,—,7,—,7,—,7,—,7
30,78989,19030131,800,—,7,—,7,—,7,—,7,—,7,—,7,—,7,—,7,—,7,—,7,—,7,—,7,—,7,—,7,—,7,—,7,—,7,—,7,—,7
31,78989,19030201,800,—,7,—,7,—,7,—,7,—,7,—,7,—,7,—,7,—,7,—,7,—,7,—,7,—,7,—,7,—,7,—,7,—,7,—,7,—,7
32,78989,19030202,800,—,7,—,7,—,7,—,7,—,7,—,7,—,7,—,7,—,7,—,7,—,7,—,7,—,7,—,7,—,7,—,7,—,7,—,7,—,7
33,78989,19030203,800,—,7,—,7,—,7,—,7,—,7,—,7,—,7,—,7,—,7,—,7,—,7,—,7,—,7,—,7,—,7,—,7,—,7,—,7,—,7
34,78989,19030204,800,—,7,—,7,—,7,—,7,—,7,—,7,—,7,—,7,—,7,—,7,—,7,—,7,—,7,—,7,—,7,—,7,—,7,—,7,—,7
35,78989,19030205,800,—,7,—,7,—,7,—,7,—,7,—,7,—,7,—,7,—,7,—,7,—,7,—,7,—,7,—,7,—,7,—,7,—,7,—,7,—,7
36,78989,19030206,800,—,7,—,7,—,7,—,7,—,7,—,7,—,7,—,7,—,7,—,7,—,7,—,7,—,7,—,7,—,7,—,7,—,7,—,7,—,7
37,78989,19030207,800,—,7,—,7,—,7,—,7,—,7,—,7,—,7,—,7,—,7,—,7,—,7,—,7,—,7,—,7,—,7,—,7,—,7,—,7,—,7
38,78989,19030208,800,—,7,—,7,—,7,—,7,—,7,—,7,—,7,—,7,—,7,—,7,—,7,—,7,—,7,—,7,—,7,—,7,—,7,—,7,—,7
39,78989,19030209,800,—,7,—,7,—,7,—,7,—,7,—,7,—,7,—,7,—,7,—,7,—,7,—,7,—,7,—,7,—,7,—,7,—,7,—,7,—,7
40,78989,19030210,800,—,7,—,7,—,7,—,7,—,7,—,7,—,7,—,7,—,7,—,7,—,7,—,7,—,7,—,7,—,7,—,7,—,7,—,7,—,7
41,78989,19030211,800,—,7,—,7,—,7,—,7,—,7,—,7,—,7,—,7,—,7,—,7,—,7,—,7,—,7,—,7,—,7,—,7,—,7,—,7,—,7
42,78989,19030212,800,—,7,—,7,—,7,—,7,—,7,—,7,—,7,—,7,—,7,—,7,—,7,—,7,—,7,—,7,—,7,—,7,—,7,—,7,—,7
43,78989,19030213,800,—,7,—,7,—,7,—,7,—,7,—,7,—,7,—,7,—,7,—,7,—,7,—,7,—,7,—,7,—,7,—,7,—,7,—,7,—,7
44,78989,19030214,800,—,7,—,7,—,7,—,7,—,7,—,7,—,7,—,7,—,7,—,7,—,7,—,7,—,7,—,7,—,7,—,7,—,7,—,7,—,7
45,78989,19030215,800,—,7,—,7,—,7,—,7,—,7,—,7,—,7,—,7,—,7,—,7,—,7,—,7,—,7,—,7,—,7,—,7,—,7,—,7,—,7
46,78989,19030216,800,—,7,—,7,—,7,—,7,—,7,—,7,—,7,—,7,—,7,—,7,—,7,—,7,—,7,—,7,—,7,—,7,—,7,—,7,—,7
47,78989,19030217,800,—,7,—,7,—,7,—,7,—,7,—,7,—,7,—,7,—,7,—,7,—,7,—,7,—,7,—,7,—,7,—,7,—,7,—,7,—,7
48,78989,19030218,800,—,7,—,7,—,7,—,7,—,7,—,7,—,7,—,7,—,7,—,7,—,7,—,7,—,7,—,7,—,7,—,7,—,7,—,7,—,7
49,78989,19030219,800,—,7,—,7,—,7,—,7,—,7,—,7,—,7,—,7,—,7,—,7,—,7,—,7,—,7,—,7,—,7,—,7,—,7,—,7,—,7
50,78989,19030220,800,—,7,—,7,—,7,—,7,—,7,—,7,—,7,—,7,—,7,—,7,—,7,—,7,—,7,—,7,—,7,—,7,—,7,—,7,—,7
51,78989,19030221,800,—,7,—,7,—,7,—,7,—,7,—,7,—,7,—,7,—,7,—,7,—,7,—,7,—,7,—,7,—,7,—,7,—,7,—,7,—,7
52,78989,19030222,800,—,7,—,7,—,7,—,7,—,7,—,7,—,7,—,7,—,7,—,7,—,7,—,7,—,7,—,7,—,7,—,7,—,7,—,7,—,7
53,78989,19030223,800,—,7,—,7,—,7,—,7,—,7,—,7,—,7,—,7,—,7,—,7,—,7,—,7,—,7,—,7,—,7,—,7,—,7,—,7,—,7
54,78989,19030224,800,—,7,—,7,—,7,—,7,—,7,—,7,—,7,—,7,—,7,—,7,—,7,—,7,—,7,—,7,—,7,—,7,—,7,—,7,—,7
55,78989,19030225,800,—,7,—,7,—,7,—,7,—,7,—,7,—,7,—,7,—,7,—,7,—,7,—,7,—,7,—,7,—,7,—,7,—,7,—,7,—,7
56,78989,19030226,800,—,7,—,7,—,7,—,7,—,7,—,7,—,7,—,7,—,7,—,7,—,7,—,7,—,7,—,7,—,7,—,7,—,7,—,7,—,7
57,78989,19030227,800,—,7,—,7,—,7,—,7,—,7,—,7,—,7,—,7,—,7,—,7,—,7,—,7,—,7,—,7,—,7,—,7,—,7,—,7,—,7
58,78989,19030228,800,—,7,—,7,—,7,—,7,—,7,—,7,—,7,—,7,—,7,—,7,—,7,—,7,—,7,—,7,—,7,—,7,—,7,—,7,—,7
59,78989,19030301,800,—,7,—,7,—,7,—,7,—,7,—,7,—,7,—,7,—,7,—,7,—,7,—,7,—,7,—,7,—,7,—,7,—,7,—,7,—,7
60,78989,19030302,800,—,7,—,7,—,7,—,7,—,7,—,7,—,7,—,7,—,7,—,7,—,7,—,7,—,7,—,7,—,7,—,7,—,7,—,7,—,7
61,78989,19030303,800,—,7,—,7,—,7,—,7,—,7,—,7,—,7,—,7,—,7,—,7,—,7,—,7,—,7,—,7,—,7,—,7,—,7,—,7,—,7
62,78989,19030304,800,—,7,—,7,—,7,—,7,—,7,—,7,—,7,—,7,—,7,—,7,—,7,—,7,—,7,—,7,—,7,—,7,—,7,—,7,—,7
63,78989,19030305,800,—,7,—,7,—,7,—,7,—,7,—,7,—,7,—,7,—,7,—,7,—,7,—,7,—,7,—,7,—,7,—,7,—,7,—,7,—,7
64,78989,19030306,800,—,7,—,7,—,7,—,7,—,7,—,7,—,7,—,7,—,7,—,7,—,7,—,7,—,7,—,7,—,7,—,7,—,7,—,7,—,7
65,78989,19030307,800,—,7,—,7,—,7,—,7,—,7,—,7,—,7,—,7,—,7,—,7,—,7,—,7,—,7,—,7,—,7,—,7,—,7,—,7,—,7
66,78989,19030308,800,—,7,—,7,—,7,—,7,—,7,—,7,—,7,—,7,—,7,—,7,—,7,—,7,—,7,—,7,—,7,—,7,—,7,—,7,—,7
67,78989,19030309,800,—,7,—,7,—,7,—,7,—,7,—,7,—,7,—,7,—,7,—,7,—,7,—,7,—,7,—,7,—,7,—,7,—,7,—,7,—,7
68,78989,19030310,800,—,7,—,7,—,7,—,7,—,7,—,7,—,7,—,7,—,7,—,7,—,7,—,7,—,7,—,7,—,7,—,7,—,7,—,7,—,7
69,78989,19030311,800,—,7,—,7,—,7,—,7,—,7,—,7,—,7,—,7,—,7,—,7,—,7,—,7,—,7,—,7,—,7,—,7,—,7,—,7,—,7
70,78989,19030312,800,—,7,—,7,—,7,—,7,—,7,—,7,—,7,—,7,—,7,—,7,—,7,—,7,—,7,—,7,—,7,—,7,—,7,—,7,—,7
71,78989,19030313,800,—,7,—,7,—,7,—,7,—,7,—,7,—,7,—,7,—,7,—,7,—,7,—,7,—,7,—,7,—,7,—,7,—,7,—,7,—,7
72,78989,19030314,800,—,7,—,7,—,7,—,7,—,7,—,7,—,7,—,7,—,7,—,7,—,7,—,7,—,7,—,7,—,7,—,7,—,7,—,7,—,7
73,78989,19030315,800,—,7,—,7,—,7,—,7,—,7,—,7,—,7,—,7,—,7,—,7,—,7,—,7,—,7,—,7,—,7,—,7,—,7,—,7,—,7
74,78989,19030316,800,—,7,—,7,—,7,—,7,—,7,—,7,—,7,—,7,—,7,—,7,—,7,—,7,—,7,—,7,—,7,—,7,—,7,—,7,—,7
75,78989,19030317,800,—,7,—,7,—,7,—,7,—,7,—,7,—,7,—,7,—,7,—,7,—,7,—,7,—,7,—,7,—,7,—,7,—,7,—,7,—,7
76,78989,19030318,800,—,7,—,7,—,7,—,7,—,7,—,7,—,7,—,7,—,7,—,7,—,7,—,7,—,7,—,7,—,7,—,7,—,7,—,7,—,7
77,78989,19030319,800,—,7,—,7,—,7,—,7,—,7,—,7,—,7,—,7,—,7,—,7,—,7,—,7,—,7,—,7,—,7,—,7,—,7,—,7,—,7
78,78989,19030320,800,—,7,—,7,—,7,—,7,—,7,—,7,—,7,—,7,—,7,—,7,—,7,—,7,—,7,—,7,—,7,—,7,—,7,—,7,—,7
79,78989,19030321,800,—,7,—,7,—,7,—,7,—,7,—,7,—,7,—,7,—,7,—,7,—,7,—,7,—,7,—,7,—,7,—,7,—,7,—,7,—,7
80,78989,19030322,800,—,7,—,7,—,7,—,7,—,7,—,7,—,7,—,7,—,7,—,7,—,7,—,7,—,7,—,7,—,7,—,7,—,7,—,7,—,7
81,78989,19030323,800,—,7,—,7,—,7,—,7,—,7,—,7,—,7,—,7,—,7,—,7,—,7,—,7,—,7,—,7,—,7,—,7,—,7,—,7,—,7
82,78989,19030324,800,—,7,—,7,—,7,—,7,—,7,—,7,—,7,—,7,—,7,—,7,—,7,—,7,—,7,—,7,—,7,—,7,—,7,—,7,—,7
83,78989,19030325,800,—,7,—,7,—,7,—,7,—,7,—,7,—,7,—,7,—,7,—,7,—,7,—,7,—,7,—,7,—,7,—,7,—,7,—,7,—,7
84,78989,19030326,800,—,7,—,7,—,7,—,7,—,7,—,7,—,7,—,7,—,7,—,7,—,7,—,7,—,7,—,7,—,7,—,7,—,7,—,7,—,7
85,78989,19030327,800,—,7,—,7,—,7,—,7,—,7,—,7,—,7,—,7,—,7,—,7,—,7,—,7,—,7,—,7,—,7,—,7,—,7,—,7,—,7
86,78989,19030328,800,—,7,—,7,—,7,—,7,—,7,—,7,—,7,—,7,—,7,—,7,—,7,—,7,—,7,—,7,—,7,—,7,—,7,—,7,—,7
87,78989,19030329,800,—,7,—,7,—,7,—,7,—,7,—,7,—,7,—,7,—,7,—,7,—,7,—,7,—,7,—,7,—,7,—,7,—,7,—,7,—,7
88,78989,19030330,800,—,7,—,7,—,7,—,7,—,7,—,7,—,7,—,7,—,7,—,7,—,7,—,7,—,7,—,7,—,7,—,7,—,7,—,7,—,7
89,78989,19030331,800,—,7,—,7,—,7,—,7,—,7,—,7,—,7,—,7,—,7,—,7,—,7,—,7,—,7,—,7,—,7,—,7,—,7,—,7,—,7
90,78989,19030401,800,—,7,—,7,—,7,—,7,—,7,—,7,—,7,—,7,—,7,—,7,—,7,—,7,—,7,—,7,—,7,—,7,—,7,—,7,—,7
91,78989,19030402,800,—,7,—,7,—,7,—,7,—,7,—,7,—,7,—,7,—,7,—,7,—,7,—,7,—,7,—,7,—,7,—,7,—,7,—,7,—,7
92,78989,19030403,800,—,7,—,7,—,7,—,7,—,7,—,7,—,7,—,7,—,7,—,7,—,7,—,7,—,7,—,7,—,7,—,7,—,7,—,7,—,7
93,78989,19030404,800,—,7,—,7,—,7,—,7,—,7,—,7,—,7,—,7,—,7,—,7,—,7,—,7,—,7,—,7,—,7,—,7,—,7,—,7,—,7
94,78989,19030405,800,—,7,—,7,—,7,—,7,—,7,—,7,—,7,—,7,—,7,—,7,—,7,—,7,—,7,—,7,—,7,—,7,—,7,—,7,—,7
95,78989,19030406,800,—,7,—,7,—,7,—,7,—,7,—,7,—,7,—,7,—,7,—,7,—,7,—,7,—,7,—,7,—,7,—,7,—,7,—,7,—,7
96,78989,19030407,800,—,7,—,7,—,7,—,7,—,7,—,7,—,7,—,7,—,7,—,7,—,7,—,7,—,7,—,7,—,7,—,7,—,7,—,7,—,7
97,78989,19030408,800,—,7,—,7,—,7,—,7,—,7,—,7,—,7,—,7,—,7,—,7,—,7,—,7,—,7,—,7,—,7,—,7,—,7,—,7,—,7
98,78989,19030409,800,—,7,—,7,—,7,—,7,—,7,—,7,—,7,—,7,—,7,—,7,—,7,—,7,—,7,—,7,—,7,—,7,—,7,—,7,—,7
99,78989,19030410,800,—,7,—,7,—,7,—,7,—,7,—,7,—,7,—,7,—,7,—,7,—,7,—,7,—,7,—,7,—,7,—,7,—,7,—,7,—,7
100,78989,19030411,800,—,7,—,7,—,7,—,7,—,7,—,7,—,7,—,7,—,7,—,7,—,7,—,7,—,7,—,7,—,7,—,7,—,7,—,7,—,7
101,78989,19030412,800,—,7,—,7,—,7,—,7,—,7,—,7,—,7,—,7,—,7,—,7,—,7,—,7,—,7,—,7,—,7,—,7,—,7,—,7,—,7
102,78989,19030413,800,—,7,—,7,—,7,—,7,—,7,—,7,—,7,—,7,—,7,—,7,—,7,—,7,—,7,—,7,—,7,—,7,—,7,—,7,—,7
103,78989,19030414,800,—,7,—,7,—,7,—,7,—,7,—,7,—,7,—,7,—,7,—,7,—,7,—,7,—,7,—,7,—,7,—,7,—,7,—,7,—,7
104,78989,19030415,800,—,7,—,7,—,7,—,7,—,7,—,7,—,7,—,7,—,7,—,7,—,7,—,7,—,7,—,7,—,7,—,7,—,7,—,7,—,7
105,78989,19030416,800,—,7,—,7,—,7,—,7,—,7,—,7,—,7,—,7,—,7,—,7,—,7,—,7,—,7,—,7,—,7,—,7,—,7,—,7,—,7
106,78989,19030417,800,—,7,—,7,—,7,—,7,—,7,—,7,—,7,—,7,—,7,—,7,—,7,—,7,—,7,—,7,—,7,—,7,—,7,—,7,—,7
107,78989,19030418,800,—,7,—,7,—,7,—,7,—,7,—,7,—,7,—,7,—,7,—,7,—,7,—,7,—,7,—,7,—,7,—,7,—,7,—,7,—,7
108,78989,19030419,800,—,7,—,7,—,7,—,7,—,7,—,7,—,7,—,7,—,7,—,7,—,7,—,7,—,7,—,7,—,7,—,7,—,7,—,7,—,7
109,78989,19030420,800,—,7,—,7,—,7,—,7,—,7,—,7,—,7,—,7,—,7,—,7,—,7,—,7,—,7,—,7,—,7,—,7,—,7,—,7,—,7
110,78989,19030421,800,—,7,—,7,—,7,—,7,—,7,—,7,—,7,—,7,—,7,—,7,—,7,—,7,—,7,—,7,—,7,—,7,—,7,—,7,—,7
111,78989,19030422,800,—,7,—,7,—,7,—,7,—,7,—,7,—,7,—,7,—,7,—,7,—,7,—,7,—,7,—,7,—,7,—,7,—,7,—,7,—,7
112,78989,19030423,800,—,7,—,7,—,7,—,7,—,7,—,7,—,7,—,7,—,7,—,7,—,7,—,7,—,7,—,7,—,7,—,7,—,7,—,7,—,7
113,78989,19030424,800,—,7,—,7,—,7,—,7,—,7,—,7,—,7,—,7,—,7,—,7,—,7,—,7,—,7,—,7,—,7,—,7,—,7,—,7,—,7
114,78989,19030425,800,—,7,—,7,—,7,—,7,—,7,—,7,—,7,—,7,—,7,—,7,—,7,—,7,—,7,—,7,—,7,—,7,—,7,—,7,—,7
115,78989,19030426,800,—,7,—,7,—,7,—,7,—,7,—,7,—,7,—,7,—,7,—,7,—,7,—,7,—,7,—,7,—,7,—,7,—,7,—,7,—,7
116,78989,19030427,800,—,7,—,7,—,7,—,7,—,7,—,7,—,7,—,7,—,7,—,7,—,7,—,7,—,7,—,7,—,7,—,7,—,7,—,7,—,7
117,78989,19030428,800,—,7,—,7,—,7,—,7,—,7,—,7,—,7,—,7,—,7,—,7,—,7,—,7,—,7,—,7,—,7,—,7,—,7,—,7,—,7
118,78989,19030429,800,—,7,—,7,—,7,—,7,—,7,—,7,—,7,—,7,—,7,—,7,—,7,—,7,—,7,—,7,—,7,—,7,—,7,—,7,—,7
119,78989,19030430,800,—,7,—,7,—,7,—,7,—,7,—,7,—,7,—,7,—,7,—,7,—,7,—,7,—,7,—,7,—,7,—,7,—,7,—,7,—,7
120,78989,19030501,800,—,7,—,7,—,7,—,7,—,7,—,7,—,7,—,7,—,7,—,7,—,7,—,7,—,7,—,7,—,7,—,7,—,7,—,7,—,7
121,78989,19030502,800,—,7,—,7,—,7,—,7,—,7,—,7,—,7,—,7,—,7,—,7,—,7,—,7,—,7,—,7,—,7,—,7,—,7,—,7,—,7
122,78989,19030503,800,—,7,—,7,—,7,—,7,—,7,—,7,—,7,—,7,—,7,—,7,—,7,—,7,—,7,—,7,—,7,—,7,—,7,—,7,—,7
123,78989,19030504,800,—,7,—,7,—,7,—,7,—,7,—,7,—,7,—,7,—,7,—,7,—,7,—,7,—,7,—,7,—,7,—,7,—,7,—,7,—,7
124,78989,19030505,800,—,7,—,7,—,7,—,7,—,7,—,7,—,7,—,7,—,7,—,7,—,7,—,7,—,7,—,7,—,7,—,7,—,7,—,7,—,7
125,78989,19030506,800,—,7,—,7,—,7,—,7,—,7,—,7,—,7,—,7,—,7,—,7,—,7,—,7,—,7,—,7,—,7,—,7,—,7,—,7,—,7
126,78989,19030507,800,—,7,—,7,—,7,—,7,—,7,—,7,—,7,—,7,—,7,—,7,—,7,—,7,—,7,—,7,—,7,—,7,—,7,—,7,—,7
127,78989,19030508,800,—,7,—,7,—,7,—,7,—,7,—,7,—,7,—,7,—,7,—,7,—,7,—,7,—,7,—,7,—,7,—,7,—,7,—,7,—,7
128,78989,19030509,800,—,7,—,7,—,7,—,7,—,7,—,7,—,7,—,7,—,7,—,7,—,7,—,7,—,7,—,7,—,7,—,7,—,7,—,7,—,7
129,78989,19030510,800,—,7,—,7,—,7,—,7,—,7,—,7,—,7,—,7,—,7,—,7,—,7,—,7,—,7,—,7,—,7,—,7,—,7,—,7,—,7
130,78989,19030511,800,—,7,—,7,—,7,—,7,—,7,—,7,—,7,—,7,—,7,—,7,—,7,—,7,—,7,—,7,—,7,—,7,—,7,—,7,—,7
131,78989,19030512,800,—,7,—,7,—,7,—,7,—,7,—,7,—,7,—,7,—,7,—,7,—,7,—,7,—,7,—,7,—,7,—,7,—,7,—,7,—,7
132,78989,19030513,800,—,7,—,7,—,7,—,7,—,7,—,7,—,7,—,7,—,7,—,7,—,7,—,7,—,7,—,7,—,7,—,7,—,7,—,7,—,7
133,78989,19030514,800,—,7,—,7,—,7,—,7,—,7,—,7,—,7,—,7,—,7,—,7,—,7,—,7,—,7,—,7,—,7,—,7,—,7,—,7,—,7
134,78989,19030515,800,—,7,—,7,—,7,—,7,—,7,—,7,—,7,—,7,—,7,—,7,—,7,—,7,—,7,—,7,—,7,—,7,—,7,—,7,—,7
135,78989,19030516,800,—,7,—,7,—,7,—,7,—,7,—,7,—,7,—,7,—,7,—,7,—,7,—,7,—,7,—,7,—,7,—,7,—,7,—,7,—,7
136,78989,19030517,800,—,7,—,7,—,7,—,7,—,7,—,7,—,7,—,7,—,7,—,7,—,7,—,7,—,7,—,7,—,7,—,7,—,7,—,7,—,7
137,78989,19030518,800,—,7,—,7,—,7,—,7,—,7,—,7,—,7,—,7,—,7,—,7,—,7,—,7,—,7,—,7,—,7,—,7,—,7,—,7,—,7
138,78989,19030519,800,—,7,—,7,—,7,—,7,—,7,—,7,—,7,—,7,—,7,—,7,—,7,—,7,—,7,—,7,—,7,—,7,—,7,—,7,—,7
139,78989,19030520,800,—,7,—,7,—,7,—,7,—,7,—,7,—,7,—,7,—,7,—,7,—,7,—,7,—,7,—,7,—,7,—,7,—,7,—,7,—,7
140,78989,19030521,800,—,7,—,7,—,7,—,7,—,7,—,7,—,7,—,7,—,7,—,7,—,7,—,7,—,7,—,7,—,7,—,7,—,7,—,7,—,7
141,78989,19030522,800,—,7,—,7,—,7,—,7,—,7,—,7,—,7,—,7,—,7,—,7,—,7,—,7,—,7,—,7,—,7,—,7,—,7,—,7,—,7
142,78989,19030523,800,—,7,—,7,—,7,—,7,—,7,—,7,—,7,—,7,—,7,—,7,—,7,—,7,—,7,—,7,—,7,—,7,—,7,—,7,—,7
143,78989,19030524,800,—,7,—,7,—,7,—,7,—,7,—,7,—,7,—,7,—,7,—,7,—,7,—,7,—,7,—,7,—,7,—,7,—,7,—,7,—,7
144,78989,19030525,800,—,7,—,7,—,7,—,7,—,7,—,7,—,7,—,7,—,7,—,7,—,7,—,7,—,7,—,7,—,7,—,7,—,7,—,7,—,7
145,78989,19030526,800,—,7,—,7,—,7,—,7,—,7,—,7,—,7,—,7,—,7,—,7,—,7,—,7,—,7,—,7,—,7,—,7,—,7,—,7,—,7
146,78989,19030527,800,—,7,—,7,—,7,—,7,—,7,—,7,—,7,—,7,—,7,—,7,—,7,—,7,—,7,—,7,—,7,—,7,—,7,—,7,—,7
147,78989,19030528,800,—,7,—,7,—,7,—,7,—,7,—,7,—,7,—,7,—,7,—,7,—,7,—,7,—,7,—,7,—,7,—,7,—,7,—,7,—,7
148,78989,19030529,800,—,7,—,7,—,7,—,7,—,7,—,7,—,7,—,7,—,7,—,7,—,7,—,7,—,7,—,7,—,7,—,7,—,7,—,7,—,7
149,78989,19030530,800,—,7,—,7,—,7,—,7,—,7,—,7,—,7,—,7,—,7,—,7,—,7,—,7,—,7,—,7,—,7,—,7,—,7,—,7,—,7
150,78989,19030531,800,—,7,—,7,—,7,—,7,—,7,—,7,—,7,—,7,—,7,—,7,—,7,—,7,—,7,—,7,—,7,—,7,—,7,—,7,—,7
151,78989,19030601,800,—,7,—,7,—,7,—,7,—,7,—,7,—,7,—,7,—,7,—,7,—,7,—,7,—,7,—,7,—,7,—,7,—,7,—,7,—,7
152,78989,19030602,800,—,7,—,7,—,7,—,7,—,7,—,7,—,7,—,7,—,7,—,7,—,7,—,7,—,7,—,7,—,7,—,7,—,7,—,7,—,7
153,78989,19030603,800,—,7,—,7,—,7,—,7,—,7,—,7,—,7,—,7,—,7,—,7,—,7,—,7,—,7,—,7,—,7,—,7,—,7,—,7,—,7
154,78989,19030604,800,—,7,—,7,—,7,—,7,—,7,—,7,—,7,—,7,—,7,—,7,—,7,—,7,—,7,—,7,—,7,—,7,—,7,—,7,—,7
155,78989,19030605,800,—,7,—,7,—,7,—,7,—,7,—,7,—,7,—,7,—,7,—,7,—,7,—,7,—,7,—,7,—,7,—,7,—,7,—,7,—,7
156,78989,19030606,800,—,7,—,7,—,7,—,7,—,7,—,7,—,7,—,7,—,7,—,7,—,7,—,7,—,7,—,7,—,7,—,7,—,7,—,7,—,7
157,78989,19030607,800,—,7,—,7,—,7,—,7,—,7,—,7,—,7,—,7,—,7,—,7,—,7,—,7,—,7,—,7,—,7,—,7,—,7,—,7,—,7
158,78989,19030608,800,—,7,—,7,—,7,—,7,—,7,—,7,—,7,—,7,—,7,—,7,—,7,—,7,—,7,—,7,—,7,—,7,—,7,—,7,—,7
159,78989,19030609,800,—,7,—,7,—,7,—,7,—,7,—,7,—,7,—,7,—,7,—,7,—,7,—,7,—,7,—,7,—,7,—,7,—,7,—,7,—,7
160,78989,19030610,800,—,7,—,7,—,7,—,7,—,7,—,7,—,7,—,7,—,7,—,7,—,7,—,7,—,7,—,7,—,7,—,7,—,7,—,7,—,7
161,78989,19030611,800,—,7,—,7,—,7,—,7,—,7,—,7,—,7,—,7,—,7,—,7,—,7,—,7,—,7,—,7,—,7,—,7,—,7,—,7,—,7
162,78989,19030612,800,—,7,—,7,—,7,—,7,—,7,—,7,—,7,—,7,—,7,—,7,—,7,—,7,—,7,—,7,—,7,—,7,—,7,—,7,—,7
163,78989,19030613,800,—,7,—,7,—,7,—,7,—,7,—,7,—,7,—,7,—,7,—,7,—,7,—,7,—,7,—,7,—,7,—,7,—,7,—,7,—,7
164,78989,19030614,800,—,7,—,7,—,7,—,7,—,7,—,7,—,7,—,7,—,7,—,7,—,7,—,7,—,7,—,7,—,7,—,7,—,7,—,7,—,7
165,78989,19030615,800,—,7,—,7,—,7,—,7,—,7,—,7,—,7,—,7,—,7,—,7,—,7,—,7,—,7,—,7,—,7,—,7,—,7,—,7,—,7
166,78989,19030616,800,—,7,—,7,—,7,—,7,—,7,—,7,—,7,—,7,—,7,—,7,—,7,—,7,—,7,—,7,—,7,—,7,—,7,—,7,—,7
167,78989,19030617,800,—,7,—,7,—,7,—,7,—,7,—,7,—,7,—,7,—,7,—,7,—,7,—,7,—,7,—,7,—,7,—,7,—,7,—,7,—,7
168,78989,19030618,800,—,7,—,7,—,7,—,7,—,7,—,7,—,7,—,7,—,7,—,7,—,7,—,7,—,7,—,7,—,7,—,7,—,7,—,7,—,7
169,78989,19030619,800,—,7,—,7,—,7,—,7,—,7,—,7,—,7,—,7,—,7,—,7,—,7,—,7,—,7,—,7,—,7,—,7,—,7,—,7,—,7
170,78989,19030620,800,—,7,—,7,—,7,—,7,—,7,—,7,—,7,—,7,—,7,—,7,—,7,—,7,—,7,—,7,—,7,—,7,—,7,—,7,—,7
171,78989,19030621,800,—,7,—,7,—,7,—,7,—,7,—,7,—,7,—,7,—,7,—,7,—,7,—,7,—,7,—,7,—,7,—,7,—,7,—,7,—,7
172,78989,19030622,800,—,7,—,7,—,7,—,7,—,7,—,7,—,7,—,7,—,7,—,7,—,7,—,7,—,7,—,7,—,7,—,7,—,7,—,7,—,7
173,78989,19030623,800,—,7,—,7,—,7,—,7,—,7,—,7,—,7,—,7,—,7,—,7,—,7,—,7,—,7,—,7,—,7,—,7,—,7,—,7,—,7
174,78989,19030624,800,—,7,—,7,—,7,—,7,—,7,—,7,—,7,—,7,—,7,—,7,—,7,—,7,—,7,—,7,—,7,—,7,—,7,—,7,—,7
175,78989,19030625,800,—,7,—,7,—,7,—,7,—,7,—,7,—,7,—,7,—,7,—,7,—,7,—,7,—,7,—,7,—,7,—,7,—,7,—,7,—,7
176,78989,19030626,800,—,7,—,7,—,7,—,7,—,7,—,7,—,7,—,7,—,7,—,7,—,7,—,7,—,7,—,7,—,7,—,7,—,7,—,7,—,7
177,78989,19030627,800,—,7,—,7,—,7,—,7,—,7,—,7,—,7,—,7,—,7,—,7,—,7,—,7,—,7,—,7,—,7,—,7,—,7,—,7,—,7
178,78989,19030628,800,—,7,—,7,—,7,—,7,—,7,—,7,—,7,—,7,—,7,—,7,—,7,—,7,—,7,—,7,—,7,—,7,—,7,—,7,—,7
179,78989,19030629,800,—,7,—,7,—,7,—,7,—,7,—,7,—,7,—,7,—,7,—,7,—,7,—,7,—,7,—,7,—,7,—,7,—,7,—,7,—,7
180,78989,19030630,800,—,7,—,7,—,7,—,7,—,7,—,7,—,7,—,7,—,7,—,7,—,7,—,7,—,7,—,7,—,7,—,7,—,7,—,7,—,7
181,78989,19030701,800,—,7,—,7,—,7,—,7,—,7,—,7,—,7,—,7,—,7,—,7,—,7,—,7,—,7,—,7,—,7,—,7,—,7,—,7,—,7
182,78989,19030702,800,—,7,—,7,—,7,—,7,—,7,—,7,—,7,—,7,—,7,—,7,—,7,—,7,—,7,—,7,—,7,—,7,—,7,—,7,—,7
183,78989,19030703,800,—,7,—,7,—,7,—,7,—,7,—,7,—,7,—,7,—,7,—,7,—,7,—,7,—,7,—,7,—,7,—,7,—,7,—,7,—,7
184,78989,19030704,800,—,7,—,7,—,7,—,7,—,7,—,7,—,7,—,7,—,7,—,7,—,7,—,7,—,7,—,7,—,7,—,7,—,7,—,7,—,7
185,78989,19030705,800,—,7,—,7,—,7,—,7,—,7,—,7,—,7,—,7,—,7,—,7,—,7,—,7,—,7,—,7,—,7,—,7,—,7,—,7,—,7
186,78989,19030706,800,—,7,—,7,—,7,—,7,—,7,—,7,—,7,—,7,—,7,—,7,—,7,—,7,—,7,—,7,—,7,—,7,—,7,—,7,—,7
187,78989,19030707,800,—,7,—,7,—,7,—,7,758.4,0,—,7,—,7,—,7,—,7,—,7,30.4,0,26.7,0,90,0,7.7,0,—,7,—,7,—,7,—,7,—,7
188,78989,19030708,800,—,7,—,7,—,7,—,7,759.2,0,—,7,—,7,—,7,—,7,—,7,30.5,0,26.7,0,90,0,9.8,0,—,7,—,7,—,7,—,7,—,7
189,78989,19030709,800,—,7,—,7,—,7,—,7,760.2,0,—,7,—,7,—,7,—,7,—,7,30.3,0,26.5,0,90,0,9.3,0,—,7,—,7,—,7,—,7,—,7
190,78989,19030710,800,—,7,—,7,—,7,—,7,760.7,0,—,7,—,7,—,7,—,7,—,7,30.2,0,26.5,0,90,0,6.2,0,—,7,—,7,—,7,—,7,—,7
191,78989,19030711,800,—,7,—,7,—,7,—,7,760,0,—,7,—,7,—,7,—,7,—,7,29.4,0,25.9,0,90,0,6.7,0,—,7,—,7,—,7,—,7,—,7
192,78989,19030712,800,—,7,—,7,—,7,—,7,761,0,—,7,—,7,—,7,—,7,—,7,30.4,0,26.5,0,90,0,7.2,0,—,7,—,7,—,7,—,7,—,7
193,78989,19030713,800,—,7,—,7,—,7,—,7,760,0,—,7,—,7,—,7,—,7,—,7,30.2,0,26.1,0,90,0,7.7,0,—,7,—,7,—,7,—,7,—,7
194,78989,19030714,800,—,7,—,7,—,7,—,7,759,0,—,7,—,7,—,7,—,7,—,7,31.1,0,27,0,90,0,8.2,0,—,7,—,7,—,7,—,7,—,7
195,78989,19030715,800,—,7,—,7,—,7,—,7,760,0,—,7,—,7,—,7,—,7,—,7,30.8,0,26,0,90,0,9.3,0,—,7,—,7,—,7,—,7,—,7
196,78989,19030716,800,—,7,—,7,—,7,—,7,760.5,0,—,7,—,7,—,7,—,7,—,7,30.4,0,26.5,0,135,0,6.2,0,—,7,—,7,—,7,—,7,—,7
197,78989,19030717,800,—,7,—,7,—,7,—,7,759.2,0,—,7,—,7,—,7,—,7,—,7,31.1,0,26.2,0,90,0,9.8,0,—,7,—,7,—,7,—,7,—,7
198,78989,19030718,800,—,7,—,7,—,7,—,7,759,0,—,7,—,7,—,7,—,7,—,7,30.7,0,26.6,0,90,0,9.8,0,—,7,—,7,—,7,—,7,—,7
199,78989,19030719,800,—,7,—,7,—,7,—,7,758.2,0,—,7,—,7,—,7,—,7,—,7,30.5,0,26.3,0,45,0,8.2,0,—,7,—,7,—,7,—,7,—,7
200,78989,19030720,800,—,7,—,7,—,7,—,7,758.4,0,—,7,—,7,—,7,—,7,—,7,31.1,0,26.4,0,90,0,7.2,0,—,7,—,7,—,7,—,7,—,7
201,78989,19030721,800,—,7,—,7,—,7,—,7,759,0,—,7,—,7,—,7,—,7,—,7,30.3,0,26.2,0,90,0,8.2,0,—,7,—,7,—,7,—,7,—,7
202,78989,19030722,800,—,7,—,7,—,7,—,7,758.7,0,—,7,—,7,—,7,—,7,—,7,30.3,0,26.5,0,90,0,8.7,0,—,7,—,7,—,7,—,7,—,7
203,78989,19030723,800,—,7,—,7,—,7,—,7,758.7,0,—,7,—,7,—,7,—,7,—,7,30.3,0,26.6,0,90,0,8.2,0,—,7,—,7,—,7,—,7,—,7
204,78989,19030724,800,—,7,—,7,—,7,—,7,758.7,0,—,7,—,7,—,7,—,7,—,7,30.2,0,26.6,0,90,0,7.2,0,—,7,—,7,—,7,—,7,—,7
205,78989,19030725,800,—,7,—,7,—,7,—,7,761,0,—,7,—,7,—,7,—,7,—,7,30.5,0,26.6,0,90,0,8.2,0,—,7,—,7,—,7,—,7,—,7
206,78989,19030726,800,—,7,—,7,—,7,—,7,761.5,0,—,7,—,7,—,7,—,7,—,7,29.9,0,26.4,0,90,0,6.2,0,—,7,—,7,—,7,—,7,—,7
207,78989,19030727,800,—,7,—,7,—,7,—,7,761,0,—,7,—,7,—,7,—,7,—,7,30.4,0,26.6,0,90,0,6.2,0,—,7,—,7,—,7,—,7,—,7
208,78989,19030728,800,—,7,—,7,—,7,—,7,760.7,0,—,7,—,7,—,7,—,7,—,7,30.1,0,26.5,0,90,0,8.2,0,—,7,—,7,—,7,—,7,—,7
209,78989,19030729,800,—,7,—,7,—,7,—,7,760,0,—,7,—,7,—,7,—,7,—,7,30,0,25.6,0,90,0,7.2,0,—,7,—,7,—,7,—,7,—,7
210,78989,19030730,800,—,7,—,7,—,7,—,7,759.5,0,—,7,—,7,—,7,—,7,—,7,30.4,0,23.1,0,90,0,2.6,0,—,7,—,7,—,7,—,7,—,7
211,78989,19030731,800,—,7,—,7,—,7,—,7,760,0,—,7,—,7,—,7,—,7,—,7,29.8,0,26.6,0,90,0,9.8,0,—,7,—,7,—,7,—,7,—,7
212,78989,19030801,800,—,7,—,7,—,7,—,7,760.7,0,—,7,—,7,—,7,—,7,—,7,30.4,0,26.9,0,90,0,4.6,0,—,7,—,7,—,7,—,7,—,7
213,78989,19030802,800,—,7,—,7,—,7,—,7,761.2,0,—,7,—,7,—,7,—,7,—,7,30.3,0,26.6,0,90,0,8.2,0,—,7,—,7,—,7,—,7,—,7
214,78989,19030803,800,—,7,—,7,—,7,—,7,759.7,0,—,7,—,7,—,7,—,7,—,7,31.2,0,26.8,0,45,0,5.7,0,—,7,—,7,—,7,—,7,—,7
215,78989,19030804,800,—,7,—,7,—,7,—,7,759.7,0,—,7,—,7,—,7,—,7,—,7,31,0,26.9,0,90,0,5.7,0,—,7,—,7,—,7,—,7,—,7
216,78989,19030805,800,—,7,—,7,—,7,—,7,761,0,—,7,—,7,—,7,—,7,—,7,30.5,0,27,0,90,0,6.7,0,—,7,—,7,—,7,—,7,—,7
217,78989,19030806,800,—,7,—,7,—,7,—,7,761.7,0,—,7,—,7,—,7,—,7,—,7,31.1,0,27.2,0,90,0,4.6,0,—,7,—,7,—,7,—,7,—,7
218,78989,19030807,800,—,7,—,7,—,7,—,7,761,0,—,7,—,7,—,7,—,7,—,7,29.8,0,26.6,0,90,0,2.6,0,—,7,—,7,—,7,—,7,—,7
219,78989,19030808,800,—,7,—,7,—,7,—,7,758.7,0,—,7,—,7,—,7,—,7,—,7,29.9,0,26.9,0,90,0,3.1,0,—,7,—,7,—,7,—,7,—,7
220,78989,19030809,800,—,7,—,7,—,7,—,7,757.7,0,—,7,—,7,—,7,—,7,—,7,28.1,0,22.7,0,45,0,1.5,0,—,7,—,7,—,7,—,7,—,7
221,78989,19030810,800,—,7,—,7,—,7,—,7,757.2,0,—,7,—,7,—,7,—,7,—,7,30.8,0,26.1,0,90,0,5.7,0,—,7,—,7,—,7,—,7,—,7
222,78989,19030811,800,—,7,—,7,—,7,—,7,757.7,0,—,7,—,7,—,7,—,7,—,7,31.6,0,27.2,0,90,0,9.3,0,—,7,—,7,—,7,—,7,—,7
223,78989,19030812,800,—,7,—,7,—,7,—,7,758.2,0,—,7,—,7,—,7,—,7,—,7,30.7,0,27.2,0,90,0,6.2,0,—,7,—,7,—,7,—,7,—,7
224,78989,19030813,800,—,7,—,7,—,7,—,7,759,0,—,7,—,7,—,7,—,7,—,7,30.4,0,27,0,90,0,7.2,0,—,7,—,7,—,7,—,7,—,7
225,78989,19030814,800,—,7,—,7,—,7,—,7,759.5,0,—,7,—,7,—,7,—,7,—,7,30.6,0,26.9,0,90,0,3.6,0,—,7,—,7,—,7,—,7,—,7
226,78989,19030815,800,—,7,—,7,—,7,—,7,757.9,0,—,7,—,7,—,7,—,7,—,7,30.3,0,24.9,0,90,0,3.6,0,—,7,—,7,—,7,—,7,—,7
227,78989,19030816,800,—,7,—,7,—,7,—,7,757.9,0,—,7,—,7,—,7,—,7,—,7,28.7,0,24.3,0,90,0,4.6,0,—,7,—,7,—,7,—,7,—,7
228,78989,19030817,800,—,7,—,7,—,7,—,7,758.7,0,—,7,—,7,—,7,—,7,—,7,31.1,0,27.2,0,90,0,7.2,0,—,7,—,7,—,7,—,7,—,7
229,78989,19030818,800,—,7,—,7,—,7,—,7,759,0,—,7,—,7,—,7,—,7,—,7,32.7,0,28.2,0,90,0,5.7,0,—,7,—,7,—,7,—,7,—,7
230,78989,19030819,800,—,7,—,7,—,7,—,7,759.7,0,—,7,—,7,—,7,—,7,—,7,36.2,0,27.2,0,90,0,6.7,0,—,7,—,7,—,7,—,7,—,7
231,78989,19030820,800,—,7,—,7,—,7,—,7,759.2,0,—,7,—,7,—,7,—,7,—,7,31.1,0,27.1,0,90,0,4.6,0,—,7,—,7,—,7,—,7,—,7
232,78989,19030821,800,—,7,—,7,—,7,—,7,758.7,0,—,7,—,7,—,7,—,7,—,7,30.9,0,27.2,0,90,0,7.2,0,—,7,—,7,—,7,—,7,—,7
233,78989,19030822,800,—,7,—,7,—,7,—,7,759,0,—,7,—,7,—,7,—,7,—,7,31.8,0,27.5,0,90,0,5.7,0,—,7,—,7,—,7,—,7,—,7
234,78989,19030823,800,—,7,—,7,—,7,—,7,759,0,—,7,—,7,—,7,—,7,—,7,32,0,27.3,0,90,0,8.2,0,—,7,—,7,—,7,—,7,—,7
235,78989,19030824,800,—,7,—,7,—,7,—,7,759.2,0,—,7,—,7,—,7,—,7,—,7,31.1,0,27.2,0,90,0,6.7,0,—,7,—,7,—,7,—,7,—,7
236,78989,19030825,800,—,7,—,7,—,7,—,7,760,0,—,7,—,7,—,7,—,7,—,7,31.3,0,27.3,0,90,0,5.7,0,—,7,—,7,—,7,—,7,—,7
237,78989,19030826,800,—,7,—,7,—,7,—,7,758.4,0,—,7,—,7,—,7,—,7,—,7,29.6,0,22.8,0,90,0,5.7,0,—,7,—,7,—,7,—,7,—,7
238,78989,19030827,800,—,7,—,7,—,7,—,7,758.4,0,—,7,—,7,—,7,—,7,—,7,30,0,23.3,0,90,0,4.6,0,—,7,—,7,—,7,—,7,—,7
239,78989,19030828,800,—,7,—,7,—,7,—,7,759,0,—,7,—,7,—,7,—,7,—,7,30.3,0,26.2,0,90,0,4.1,0,—,7,—,7,—,7,—,7,—,7
240,78989,19030829,800,—,7,—,7,—,7,—,7,759,0,—,7,—,7,—,7,—,7,—,7,28.9,0,23,0,90,0,5.1,0,—,7,—,7,—,7,—,7,—,7
241,78989,19030830,800,—,7,—,7,—,7,—,7,759.2,0,—,7,—,7,—,7,—,7,—,7,27.3,0,23.4,0,90,0,2.6,0,—,7,—,7,—,7,—,7,—,7
242,78989,19030831,800,—,7,—,7,—,7,—,7,759,0,—,7,—,7,—,7,—,7,—,7,29.8,0,25.2,0,90,0,4.1,0,—,7,—,7,—,7,—,7,—,7
243,78989,19030901,800,—,7,—,7,—,7,—,7,758.7,0,—,7,—,7,—,7,—,7,—,7,30.9,0,26.9,0,90,0,8.2,0,—,7,—,7,—,7,—,7,—,7
244,78989,19030902,800,—,7,—,7,—,7,—,7,759.2,0,—,7,—,7,—,7,—,7,—,7,31.1,0,27.2,0,90,0,5.7,0,—,7,—,7,—,7,—,7,—,7
245,78989,19030903,800,—,7,—,7,—,7,—,7,759.5,0,—,7,—,7,—,7,—,7,—,7,31.4,0,27.4,0,90,0,8.7,0,—,7,—,7,—,7,—,7,—,7
246,78989,19030904,800,—,7,—,7,—,7,—,7,760.7,0,—,7,—,7,—,7,—,7,—,7,31.4,0,27.3,0,90,0,6.7,0,—,7,—,7,—,7,—,7,—,7
247,78989,19030905,800,—,7,—,7,—,7,—,7,760.5,0,—,7,—,7,—,7,—,7,—,7,30.8,0,27.3,0,90,0,5.7,0,—,7,—,7,—,7,—,7,—,7
248,78989,19030906,800,—,7,—,7,—,7,—,7,759.5,0,—,7,—,7,—,7,—,7,—,7,30,0,26.7,0,90,0,5.1,0,—,7,—,7,—,7,—,7,—,7
249,78989,19030907,800,—,7,—,7,—,7,—,7,759.5,0,—,7,—,7,—,7,—,7,—,7,30.9,0,27.2,0,90,0,8.7,0,—,7,—,7,—,7,—,7,—,7
250,78989,19030908,800,—,7,—,7,—,7,—,7,760.2,0,—,7,—,7,—,7,—,7,—,7,30.9,0,27.1,0,90,0,7.7,0,—,7,—,7,—,7,—,7,—,7
251,78989,19030909,800,—,7,—,7,—,7,—,7,759,0,—,7,—,7,—,7,—,7,—,7,30.3,0,27,0,90,0,8.7,0,—,7,—,7,—,7,—,7,—,7
252,78989,19030910,800,—,7,—,7,—,7,—,7,759.2,0,—,7,—,7,—,7,—,7,—,7,29.8,0,26.1,0,90,0,6.7,0,—,7,—,7,—,7,—,7,—,7
253,78989,19030911,800,—,7,—,7,—,7,—,7,760,0,—,7,—,7,—,7,—,7,—,7,31.1,0,26.4,0,90,0,7.2,0,—,7,—,7,—,7,—,7,—,7
254,78989,19030912,800,—,7,—,7,—,7,—,7,760.7,0,—,7,—,7,—,7,—,7,—,7,31.1,0,27,0,90,0,6.7,0,—,7,—,7,—,7,—,7,—,7
255,78989,19030913,800,—,7,—,7,—,7,—,7,760,0,—,7,—,7,—,7,—,7,—,7,31.1,0,26.9,0,90,0,4.6,0,—,7,—,7,—,7,—,7,—,7
256,78989,19030914,800,—,7,—,7,—,7,—,7,759.5,0,—,7,—,7,—,7,—,7,—,7,30.6,0,26.9,0,90,0,7.2,0,—,7,—,7,—,7,—,7,—,7
257,78989,19030915,800,—,7,—,7,—,7,—,7,759,0,—,7,—,7,—,7,—,7,—,7,31.1,0,27.3,0,90,0,4.6,0,—,7,—,7,—,7,—,7,—,7
258,78989,19030916,800,—,7,—,7,—,7,—,7,757.9,0,—,7,—,7,—,7,—,7,—,7,31.1,0,27.3,0,90,0,8.2,0,—,7,—,7,—,7,—,7,—,7
259,78989,19030917,800,—,7,—,7,—,7,—,7,757.9,0,—,7,—,7,—,7,—,7,—,7,31.4,0,27.2,0,90,0,7.2,0,—,7,—,7,—,7,—,7,—,7
260,78989,19030918,800,—,7,—,7,—,7,—,7,759.2,0,—,7,—,7,—,7,—,7,—,7,31.9,0,27.1,0,90,0,7.2,0,—,7,—,7,—,7,—,7,—,7
261,78989,19030919,800,—,7,—,7,—,7,—,7,758.7,0,—,7,—,7,—,7,—,7,—,7,31.5,0,27.1,0,90,0,5.7,0,—,7,—,7,—,7,—,7,—,7
262,78989,19030920,800,—,7,—,7,—,7,—,7,758.7,0,—,7,—,7,—,7,—,7,—,7,30.3,0,27,0,90,0,5.1,0,—,7,—,7,—,7,—,7,—,7
263,78989,19030921,800,—,7,—,7,—,7,—,7,758.7,0,—,7,—,7,—,7,—,7,—,7,31.8,0,27.2,0,90,0,3.1,0,—,7,—,7,—,7,—,7,—,7
264,78989,19030922,800,—,7,—,7,—,7,—,7,758.2,0,—,7,—,7,—,7,—,7,—,7,31.6,0,27.3,0,90,0,4.1,0,—,7,—,7,—,7,—,7,—,7
265,78989,19030923,800,—,7,—,7,—,7,—,7,757.9,0,—,7,—,7,—,7,—,7,—,7,32,0,27.6,0,90,0,5.7,0,—,7,—,7,—,7,—,7,—,7
266,78989,19030924,800,—,7,—,7,—,7,—,7,759.7,0,—,7,—,7,—,7,—,7,—,7,31.1,0,27.7,0,90,0,3.6,0,—,7,—,7,—,7,—,7,—,7
267,78989,19030925,800,—,7,—,7,—,7,—,7,759.7,0,—,7,—,7,—,7,—,7,—,7,31.5,0,27.6,0,90,0,4.6,0,—,7,—,7,—,7,—,7,—,7
268,78989,19030926,800,—,7,—,7,—,7,—,7,759,0,—,7,—,7,—,7,—,7,—,7,31.1,0,27.7,0,90,0,4.6,0,—,7,—,7,—,7,—,7,—,7
269,78989,19030927,800,—,7,—,7,—,7,—,7,759,0,—,7,—,7,—,7,—,7,—,7,31.7,0,27.1,0,90,0,5.1,0,—,7,—,7,—,7,—,7,—,7
270,78989,19030928,800,—,7,—,7,—,7,—,7,758.4,0,—,7,—,7,—,7,—,7,—,7,30.6,0,26.4,0,90,0,5.7,0,—,7,—,7,—,7,—,7,—,7
271,78989,19030929,800,—,7,—,7,—,7,—,7,758.4,0,—,7,—,7,—,7,—,7,—,7,30.2,0,23.9,0,45,0,3.6,0,—,7,—,7,—,7,—,7,—,7
272,78989,19030930,800,—,7,—,7,—,7,—,7,759.2,0,—,7,—,7,—,7,—,7,—,7,30.4,0,22.8,0,45,0,3.1,0,—,7,—,7,—,7,—,7,—,7
273,78989,19031001,800,—,7,—,7,—,7,—,7,759.2,0,—,7,—,7,—,7,—,7,—,7,30.4,0,26.7,0,90,0,3.6,0,—,7,—,7,—,7,—,7,—,7
274,78989,19031002,800,—,7,—,7,—,7,—,7,757.4,0,—,7,—,7,—,7,—,7,—,7,30.1,0,25.1,0,90,0,4.1,0,—,7,—,7,—,7,—,7,—,7
275,78989,19031003,800,—,7,—,7,—,7,—,7,757.4,0,—,7,—,7,—,7,—,7,—,7,30.6,0,27.3,0,90,0,4.6,0,—,7,—,7,—,7,—,7,—,7
276,78989,19031004,800,—,7,—,7,—,7,—,7,757.9,0,—,7,—,7,—,7,—,7,—,7,31.1,0,27.5,0,90,0,5.1,0,—,7,—,7,—,7,—,7,—,7
277,78989,19031005,800,—,7,—,7,—,7,—,7,757.9,0,—,7,—,7,—,7,—,7,—,7,31.4,0,27,0,90,0,6.2,0,—,7,—,7,—,7,—,7,—,7
278,78989,19031006,800,—,7,—,7,—,7,—,7,758.2,0,—,7,—,7,—,7,—,7,—,7,31.4,0,27.4,0,90,0,8.2,0,—,7,—,7,—,7,—,7,—,7
279,78989,19031007,800,—,7,—,7,—,7,—,7,759.5,0,—,7,—,7,—,7,—,7,—,7,32.6,0,27.6,0,90,0,5.7,0,—,7,—,7,—,7,—,7,—,7
280,78989,19031008,800,—,7,—,7,—,7,—,7,758.4,0,—,7,—,7,—,7,—,7,—,7,31.1,0,27.2,0,90,0,4.6,0,—,7,—,7,—,7,—,7,—,7
281,78989,19031009,800,—,7,—,7,—,7,—,7,756.7,0,—,7,—,7,—,7,—,7,—,7,31.6,0,27.3,0,90,0,4.1,0,—,7,—,7,—,7,—,7,—,7
282,78989,19031010,800,—,7,—,7,—,7,—,7,757.4,0,—,7,—,7,—,7,—,7,—,7,32.8,0,28.2,0,90,0,4.1,0,—,7,—,7,—,7,—,7,—,7
283,78989,19031011,800,—,7,—,7,—,7,—,7,759.2,0,—,7,—,7,—,7,—,7,—,7,31,0,27.3,0,90,0,7.7,0,—,7,—,7,—,7,—,7,—,7
284,78989,19031012,800,—,7,—,7,—,7,—,7,759.7,0,—,7,—,7,—,7,—,7,—,7,31.2,0,23.9,0,90,0,4.1,0,—,7,—,7,—,7,—,7,—,7
285,78989,19031013,800,—,7,—,7,—,7,—,7,757.7,0,—,7,—,7,—,7,—,7,—,7,29.7,0,21.9,0,90,0,4.1,0,—,7,—,7,—,7,—,7,—,7
286,78989,19031014,800,—,7,—,7,—,7,—,7,756.7,0,—,7,—,7,—,7,—,7,—,7,25.9,0,22.2,0,90,0,2.6,0,—,7,—,7,—,7,—,7,—,7
287,78989,19031015,800,—,7,—,7,—,7,—,7,756.7,0,—,7,—,7,—,7,—,7,—,7,30.1,0,26.9,0,90,0,6.2,0,—,7,—,7,—,7,—,7,—,7
288,78989,19031016,800,—,7,—,7,—,7,—,7,757.4,0,—,7,—,7,—,7,—,7,—,7,30.8,0,27.2,0,90,0,6.7,0,—,7,—,7,—,7,—,7,—,7
289,78989,19031017,800,—,7,—,7,—,7,—,7,759,0,—,7,—,7,—,7,—,7,—,7,30.1,0,23.6,0,90,0,6.7,0,—,7,—,7,—,7,—,7,—,7
290,78989,19031018,800,—,7,—,7,—,7,—,7,758.4,0,—,7,—,7,—,7,—,7,—,7,28.1,0,23.4,0,90,0,4.1,0,—,7,—,7,—,7,—,7,—,7
291,78989,19031019,800,—,7,—,7,—,7,—,7,757.2,0,—,7,—,7,—,7,—,7,—,7,29.4,0,26.6,0,90,0,2.6,0,—,7,—,7,—,7,—,7,—,7
292,78989,19031020,800,—,7,—,7,—,7,—,7,756.7,0,—,7,—,7,—,7,—,7,—,7,28.3,0,26.4,0,45,0,3.1,0,—,7,—,7,—,7,—,7,—,7
293,78989,19031021,800,—,7,—,7,—,7,—,7,757.7,0,—,7,—,7,—,7,—,7,—,7,29.2,0,27.1,0,45,0,1.5,0,—,7,—,7,—,7,—,7,—,7
294,78989,19031022,800,—,7,—,7,—,7,—,7,758.7,0,—,7,—,7,—,7,—,7,—,7,28.9,0,26.3,0,45,0,2.1,0,—,7,—,7,—,7,—,7,—,7
295,78989,19031023,800,—,7,—,7,—,7,—,7,759,0,—,7,—,7,—,7,—,7,—,7,29.9,0,26.8,0,90,0,4.6,0,—,7,—,7,—,7,—,7,—,7
296,78989,19031024,800,—,7,—,7,—,7,—,7,758.7,0,—,7,—,7,—,7,—,7,—,7,30.3,0,26.9,0,90,0,6.7,0,—,7,—,7,—,7,—,7,—,7
297,78989,19031025,800,—,7,—,7,—,7,—,7,760.5,0,—,7,—,7,—,7,—,7,—,7,30.4,0,27.2,0,90,0,4.1,0,—,7,—,7,—,7,—,7,—,7
298,78989,19031026,800,—,7,—,7,—,7,—,7,760.5,0,—,7,—,7,—,7,—,7,—,7,31.1,0,26.9,0,90,0,4.1,0,—,7,—,7,—,7,—,7,—,7
299,78989,19031027,800,—,7,—,7,—,7,—,7,759.7,0,—,7,—,7,—,7,—,7,—,7,30.4,0,26.9,0,90,0,4.1,0,—,7,—,7,—,7,—,7,—,7
300,78989,19031028,800,—,7,—,7,—,7,—,7,758.2,0,—,7,—,7,—,7,—,7,—,7,30.6,0,26.8,0,90,0,4.6,0,—,7,—,7,—,7,—,7,—,7
301,78989,19031029,800,—,7,—,7,—,7,—,7,758.2,0,—,7,—,7,—,7,—,7,—,7,30.2,0,27.1,0,90,0,5.1,0,—,7,—,7,—,7,—,7,—,7
302,78989,19031030,800,—,7,—,7,—,7,—,7,759,0,—,7,—,7,—,7,—,7,—,7,31,0,26.8,0,90,0,7.2,0,—,7,—,7,—,7,—,7,—,7
303,78989,19031031,800,—,7,—,7,—,7,—,7,759.5,0,—,7,—,7,—,7,—,7,—,7,30.6,0,25.2,0,90,0,4.1,0,—,7,—,7,—,7,—,7,—,7
304,78989,19031101,800,—,7,—,7,—,7,—,7,759,0,—,7,—,7,—,7,—,7,—,7,30.3,0,26.4,0,90,0,5.1,0,—,7,—,7,—,7,—,7,—,7
305,78989,19031102,800,—,7,—,7,—,7,—,7,758.7,0,—,7,—,7,—,7,—,7,—,7,30.4,0,26.7,0,90,0,4.6,0,—,7,—,7,—,7,—,7,—,7
306,78989,19031103,800,—,7,—,7,—,7,—,7,759,0,—,7,—,7,—,7,—,7,—,7,30.5,0,26.9,0,90,0,4.6,0,—,7,—,7,—,7,—,7,—,7
307,78989,19031104,800,—,7,—,7,—,7,—,7,758.7,0,—,7,—,7,—,7,—,7,—,7,30.6,0,25.5,0,90,0,4.1,0,—,7,—,7,—,7,—,7,—,7
308,78989,19031105,800,—,7,—,7,—,7,—,7,758.2,0,—,7,—,7,—,7,—,7,—,7,30.8,0,26.3,0,90,0,5.1,0,—,7,—,7,—,7,—,7,—,7
309,78989,19031106,800,—,7,—,7,—,7,—,7,758.2,0,—,7,—,7,—,7,—,7,—,7,30.8,0,26.4,0,90,0,5.1,0,—,7,—,7,—,7,—,7,—,7
310,78989,19031107,800,—,7,—,7,—,7,—,7,759,0,—,7,—,7,—,7,—,7,—,7,30.3,0,26.7,0,90,0,4.1,0,—,7,—,7,—,7,—,7,—,7
311,78989,19031108,800,—,7,—,7,—,7,—,7,758.4,0,—,7,—,7,—,7,—,7,—,7,30.6,0,26.9,0,90,0,4.6,0,—,7,—,7,—,7,—,7,—,7
312,78989,19031109,800,—,7,—,7,—,7,—,7,757.9,0,—,7,—,7,—,7,—,7,—,7,29.4,0,23.3,0,90,0,3.6,0,—,7,—,7,—,7,—,7,—,7
313,78989,19031110,800,—,7,—,7,—,7,—,7,757.9,0,—,7,—,7,—,7,—,7,—,7,30,0,26.7,0,90,0,4.1,0,—,7,—,7,—,7,—,7,—,7
314,78989,19031111,800,—,7,—,7,—,7,—,7,758.4,0,—,7,—,7,—,7,—,7,—,7,30.2,0,26.7,0,135,0,4.1,0,—,7,—,7,—,7,—,7,—,7
315,78989,19031112,800,—,7,—,7,—,7,—,7,759,0,—,7,—,7,—,7,—,7,—,7,30.6,0,26.8,0,90,0,4.6,0,—,7,—,7,—,7,—,7,—,7
316,78989,19031113,800,—,7,—,7,—,7,—,7,759.2,0,—,7,—,7,—,7,—,7,—,7,30,0,26.6,0,90,0,4.6,0,—,7,—,7,—,7,—,7,—,7
317,78989,19031114,800,—,7,—,7,—,7,—,7,758.4,0,—,7,—,7,—,7,—,7,—,7,30.4,0,26.6,0,90,0,5.1,0,—,7,—,7,—,7,—,7,—,7
318,78989,19031115,800,—,7,—,7,—,7,—,7,758.4,0,—,7,—,7,—,7,—,7,—,7,29.7,0,22,0,45,0,3.1,0,—,7,—,7,—,7,—,7,—,7
319,78989,19031116,800,—,7,—,7,—,7,—,7,757.9,0,—,7,—,7,—,7,—,7,—,7,29.4,0,26.1,0,90,0,3.6,0,—,7,—,7,—,7,—,7,—,7
320,78989,19031117,800,—,7,—,7,—,7,—,7,757.7,0,—,7,—,7,—,7,—,7,—,7,29.6,0,23.6,0,90,0,4.1,0,—,7,—,7,—,7,—,7,—,7
321,78989,19031118,800,—,7,—,7,—,7,—,7,757.4,0,—,7,—,7,—,7,—,7,—,7,29.7,0,24.6,0,90,0,4.1,0,—,7,—,7,—,7,—,7,—,7
322,78989,19031119,800,—,7,—,7,—,7,—,7,757.4,0,—,7,—,7,—,7,—,7,—,7,30.1,0,26.6,0,90,0,4.1,0,—,7,—,7,—,7,—,7,—,7
323,78989,19031120,800,—,7,—,7,—,7,—,7,757.7,0,—,7,—,7,—,7,—,7,—,7,30.1,0,26.4,0,90,0,4.6,0,—,7,—,7,—,7,—,7,—,7
324,78989,19031121,800,—,7,—,7,—,7,—,7,—,7,—,7,—,7,—,7,—,7,—,7,—,7,—,7,—,7,—,7,—,7,—,7,—,7,—,7,—,7
325,78989,19031122,800,—,7,—,7,—,7,—,7,—,7,—,7,—,7,—,7,—,7,—,7,—,7,—,7,—,7,—,7,—,7,—,7,—,7,—,7,—,7
326,78989,19031123,800,—,7,—,7,—,7,—,7,—,7,—,7,—,7,—,7,—,7,—,7,—,7,—,7,—,7,—,7,—,7,—,7,—,7,—,7,—,7
327,78989,19031124,800,—,7,—,7,—,7,—,7,—,7,—,7,—,7,—,7,—,7,—,7,—,7,—,7,—,7,—,7,—,7,—,7,—,7,—,7,—,7
328,78989,19031125,800,—,7,—,7,—,7,—,7,—,7,—,7,—,7,—,7,—,7,—,7,—,7,—,7,—,7,—,7,—,7,—,7,—,7,—,7,—,7
329,78989,19031126,800,—,7,—,7,—,7,—,7,—,7,—,7,—,7,—,7,—,7,—,7,—,7,—,7,—,7,—,7,—,7,—,7,—,7,—,7,—,7
330,78989,19031127,800,—,7,—,7,—,7,—,7,—,7,—,7,—,7,—,7,—,7,—,7,—,7,—,7,—,7,—,7,—,7,—,7,—,7,—,7,—,7
331,78989,19031128,800,—,7,—,7,—,7,—,7,—,7,—,7,—,7,—,7,—,7,—,7,—,7,—,7,—,7,—,7,—,7,—,7,—,7,—,7,—,7
332,78989,19031129,800,—,7,—,7,—,7,—,7,—,7,—,7,—,7,—,7,—,7,—,7,—,7,—,7,—,7,—,7,—,7,—,7,—,7,—,7,—,7
333,78989,19031130,800,—,7,—,7,—,7,—,7,—,7,—,7,—,7,—,7,—,7,—,7,—,7,—,7,—,7,—,7,—,7,—,7,—,7,—,7,—,7
334,78989,19031201,800,—,7,—,7,—,7,—,7,—,7,—,7,—,7,—,7,—,7,—,7,—,7,—,7,—,7,—,7,—,7,—,7,—,7,—,7,—,7
335,78989,19031202,800,—,7,—,7,—,7,—,7,—,7,—,7,—,7,—,7,—,7,—,7,—,7,—,7,—,7,—,7,—,7,—,7,—,7,—,7,—,7
336,78989,19031203,800,—,7,—,7,—,7,—,7,—,7,—,7,—,7,—,7,—,7,—,7,—,7,—,7,—,7,—,7,—,7,—,7,—,7,—,7,—,7
337,78989,19031204,800,—,7,—,7,—,7,—,7,—,7,—,7,—,7,—,7,—,7,—,7,—,7,—,7,—,7,—,7,—,7,—,7,—,7,—,7,—,7
338,78989,19031205,800,—,7,—,7,—,7,—,7,—,7,—,7,—,7,—,7,—,7,—,7,—,7,—,7,—,7,—,7,—,7,—,7,—,7,—,7,—,7
339,78989,19031206,800,—,7,—,7,—,7,—,7,—,7,—,7,—,7,—,7,—,7,—,7,—,7,—,7,—,7,—,7,—,7,—,7,—,7,—,7,—,7
340,78989,19031207,800,—,7,—,7,—,7,—,7,—,7,—,7,—,7,—,7,—,7,—,7,—,7,—,7,—,7,—,7,—,7,—,7,—,7,—,7,—,7
341,78989,19031208,800,—,7,—,7,—,7,—,7,—,7,—,7,—,7,—,7,—,7,—,7,—,7,—,7,—,7,—,7,—,7,—,7,—,7,—,7,—,7
342,78989,19031209,800,—,7,—,7,—,7,—,7,—,7,—,7,—,7,—,7,—,7,—,7,—,7,—,7,—,7,—,7,—,7,—,7,—,7,—,7,—,7
343,78989,19031210,800,—,7,—,7,—,7,—,7,—,7,—,7,—,7,—,7,—,7,—,7,—,7,—,7,—,7,—,7,—,7,—,7,—,7,—,7,—,7
344,78989,19031211,800,—,7,—,7,—,7,—,7,—,7,—,7,—,7,—,7,—,7,—,7,—,7,—,7,—,7,—,7,—,7,—,7,—,7,—,7,—,7
345,78989,19031212,800,—,7,—,7,—,7,—,7,—,7,—,7,—,7,—,7,—,7,—,7,—,7,—,7,—,7,—,7,—,7,—,7,—,7,—,7,—,7
346,78989,19031213,800,—,7,—,7,—,7,—,7,—,7,—,7,—,7,—,7,—,7,—,7,—,7,—,7,—,7,—,7,—,7,—,7,—,7,—,7,—,7
347,78989,19031214,800,—,7,—,7,—,7,—,7,—,7,—,7,—,7,—,7,—,7,—,7,—,7,—,7,—,7,—,7,—,7,—,7,—,7,—,7,—,7
348,78989,19031215,800,—,7,—,7,—,7,—,7,—,7,—,7,—,7,—,7,—,7,—,7,—,7,—,7,—,7,—,7,—,7,—,7,—,7,—,7,—,7
349,78989,19031216,800,—,7,—,7,—,7,—,7,—,7,—,7,—,7,—,7,—,7,—,7,—,7,—,7,—,7,—,7,—,7,—,7,—,7,—,7,—,7
350,78989,19031217,800,—,7,—,7,—,7,—,7,—,7,—,7,—,7,—,7,—,7,—,7,—,7,—,7,—,7,—,7,—,7,—,7,—,7,—,7,—,7
351,78989,19031218,800,—,7,—,7,—,7,—,7,—,7,—,7,—,7,—,7,—,7,—,7,—,7,—,7,—,7,—,7,—,7,—,7,—,7,—,7,—,7
352,78989,19031219,800,—,7,—,7,—,7,—,7,—,7,—,7,—,7,—,7,—,7,—,7,—,7,—,7,—,7,—,7,—,7,—,7,—,7,—,7,—,7
353,78989,19031220,800,—,7,—,7,—,7,—,7,—,7,—,7,—,7,—,7,—,7,—,7,—,7,—,7,—,7,—,7,—,7,—,7,—,7,—,7,—,7
354,78989,19031221,800,—,7,—,7,—,7,—,7,—,7,—,7,—,7,—,7,—,7,—,7,—,7,—,7,—,7,—,7,—,7,—,7,—,7,—,7,—,7
355,78989,19031222,800,—,7,—,7,—,7,—,7,—,7,—,7,—,7,—,7,—,7,—,7,—,7,—,7,—,7,—,7,—,7,—,7,—,7,—,7,—,7
356,78989,19031223,800,—,7,—,7,—,7,—,7,—,7,—,7,—,7,—,7,—,7,—,7,—,7,—,7,—,7,—,7,—,7,—,7,—,7,—,7,—,7
357,78989,19031224,800,—,7,—,7,—,7,—,7,—,7,—,7,—,7,—,7,—,7,—,7,—,7,—,7,—,7,—,7,—,7,—,7,—,7,—,7,—,7
358,78989,19031225,800,—,7,—,7,—,7,—,7,—,7,—,7,—,7,—,7,—,7,—,7,—,7,—,7,—,7,—,7,—,7,—,7,—,7,—,7,—,7
359,78989,19031226,800,—,7,—,7,—,7,—,7,—,7,—,7,—,7,—,7,—,7,—,7,—,7,—,7,—,7,—,7,—,7,—,7,—,7,—,7,—,7
360,78989,19031227,800,—,7,—,7,—,7,—,7,—,7,—,7,—,7,—,7,—,7,—,7,—,7,—,7,—,7,—,7,—,7,—,7,—,7,—,7,—,7
361,78989,19031228,800,—,7,—,7,—,7,—,7,—,7,—,7,—,7,—,7,—,7,—,7,—,7,—,7,—,7,—,7,—,7,—,7,—,7,—,7,—,7
362,78989,19031229,800,—,7,—,7,—,7,—,7,—,7,—,7,—,7,—,7,—,7,—,7,—,7,—,7,—,7,—,7,—,7,—,7,—,7,—,7,—,7
363,78989,19031230,800,—,7,—,7,—,7,—,7,—,7,—,7,—,7,—,7,—,7,—,7,—,7,—,7,—,7,—,7,—,7,—,7,—,7,—,7,—,7
364,78989,19031231,800,—,7,—,7,—,7,—,7,—,7,—,7,—,7,—,7,—,7,—,7,—,7,—,7,—,7,—,7,—,7,—,7,—,7,—,7,—,7
